<?xml version="1.0" encoding="utf-8" standalone="no"?>
<application xmlns="http://ns.adobe.com/air/application/26.0">
    <id>com.distriqt.test</id>
    <filename>TestIDFA</filename>
    <name>TestIDFA</name>
    <versionNumber>0.0.1</versionNumber>

    <initialWindow>
        <content>[This value will be overwritten by Flash Builder in the output app.xml]</content>
        <autoOrients>true</autoOrients>
        <fullScreen>false</fullScreen>
        <visible>true</visible>
    </initialWindow>

    <icon>
        <image16x16>icons/icon16x16.png</image16x16>
        <image29x29>icons/icon29x29.png</image29x29>
        <image32x32>icons/icon32x32.png</image32x32>
        <image36x36>icons/icon36x36.png</image36x36>
        <image48x48>icons/icon48x48.png</image48x48>
        <image57x57>icons/icon57x57.png</image57x57>
        <image72x72>icons/icon72x72.png</image72x72>
        <image114x114>icons/icon114x114.png</image114x114>
        <image128x128>icons/icon128x128.png</image128x128>
        <image512x512>icons/icon512x512.png</image512x512>
    </icon>

    <iPhone>
        <InfoAdditions><![CDATA[
			<key>UIDeviceFamily</key>
			<array>
				<string>1</string>
				<string>2</string>
			</array>
		]]></InfoAdditions>
        <requestedDisplayResolution>high</requestedDisplayResolution>
        <Entitlements>
            <![CDATA[
			]]>
        </Entitlements>
    </iPhone>

    <android>
        <manifestAdditions><![CDATA[
			<manifest android:installLocation="auto" >

				<uses-permission android:name="android.permission.INTERNET"/>

				<application android:hardwareAccelerated="true">

				    <meta-data android:name="com.google.android.gms.version" android:value="@integer/google_play_services_version" />

				</application>
			</manifest>
		]]></manifestAdditions>
    </android>

    <extensions>
        <extensionID>com.distriqt.IDFA</extensionID>
        <extensionID>com.distriqt.Core</extensionID>

        <extensionID>com.distriqt.playservices.Base</extensionID>
        <extensionID>com.distriqt.playservices.Ads</extensionID>

        <extensionID>com.distriqt.androidsupport.V4</extensionID>
    </extensions>

</application>
